06:03:30,广告-1,00:02:30
06:11:00,广告-2,00:02:30
06:18:30,广告-3,00:02:30
06:26:00,广告-4,00:02:30
06:34:30,广告-5,00:02:30
06:42:00,广告-6,00:02:30
06:49:30,广告-7,00:02:30
06:57:00,广告-8,00:02:30
07:05:00,广告-9,00:03:00
07:13:00,广告-10,00:03:00
07:21:00,广告-11,00:03:00
07:30:00,广告-12,00:03:00
07:38:00,广告-13,00:03:00
07:46:00,广告-14,00:03:00
07:54:00,广告-15,00:03:00
08:05:00,广告-16,00:03:00
08:13:00,广告-17,00:03:00
08:21:00,广告-18,00:03:00
08:30:00,广告-19,00:03:00
08:38:00,广告-20,00:03:00
08:46:00,广告-21,00:03:00
08:54:00,广告-22,00:03:00
09:05:00,广告-23,00:03:00
09:13:00,广告-24,00:03:00
09:21:00,广告-25,00:03:00
09:29:00,广告-26,00:03:00
09:38:30,广告-27,00:03:00
09:46:30,广告-28,00:03:00
09:54:30,广告-29,00:03:00
10:05:00,广告-30,00:03:00
10:13:00,广告-31,00:03:00
10:21:00,广告-32,00:03:00
10:29:00,广告-33,00:03:00
10:38:30,广告-34,00:03:00
10:46:30,广告-35,00:03:00
10:54:30,广告-36,00:03:00
11:05:00,广告-37,00:03:00
11:13:00,广告-38,00:03:00
11:21:00,广告-39,00:03:00
11:29:00,广告-40,00:03:00
11:38:30,广告-41,00:03:00
11:46:30,广告-42,00:03:00
11:54:30,广告-43,00:03:00
12:05:00,广告-44,00:03:00
12:13:00,广告-45,00:03:00
12:21:00,广告-46,00:03:00
12:29:00,广告-47,00:03:00
12:38:30,广告-48,00:03:00
12:46:30,广告-49,00:03:00
12:54:30,广告-50,00:03:00
13:05:00,广告-51,00:03:00
13:13:00,广告-52,00:03:00
13:21:00,广告-53,00:03:00
13:29:00,广告-54,00:03:00
13:38:30,广告-55,00:03:00
13:46:30,广告-56,00:03:00
13:54:30,广告-57,00:03:00
14:05:00,广告-58,00:03:00
14:13:00,广告-59,00:03:00
14:21:00,广告-60,00:03:00
14:29:00,广告-61,00:03:00
14:38:30,广告-62,00:03:00
14:46:30,广告-63,00:03:00
14:54:30,广告-64,00:03:00
15:05:00,广告-65,00:03:00
15:13:00,广告-66,00:03:00
15:21:00,广告-67,00:03:00
15:29:00,广告-68,00:03:00
15:38:30,广告-69,00:03:00
15:46:30,广告-70,00:03:00
15:54:30,广告-71,00:03:00
16:05:00,广告-72,00:03:00
16:13:00,广告-73,00:03:00
16:21:00,广告-74,00:03:00
16:29:00,广告-75,00:03:00
16:38:30,广告-76,00:03:00
16:46:30,广告-77,00:03:00
16:54:00,广告-78,00:03:00
17:05:00,广告-79,00:03:00
17:13:00,广告-80,00:03:00
17:21:00,广告-81,00:03:00
17:30:00,广告-82,00:03:00
17:38:00,广告-83,00:03:00
17:46:00,广告-84,00:03:00
17:54:00,广告-85,00:03:00
18:05:00,广告-86,00:03:00
18:13:00,广告-87,00:03:00
18:21:00,广告-88,00:03:00
18:55:25,广告-89,00:04:45
19:30:40,广告-90,00:03:00
19:38:40,广告-91,00:03:00
19:46:40,广告-92,00:03:00
19:54:40,广告-93,00:03:00
20:05:00,广告-94,00:02:30
20:12:30,广告-95,00:02:30
20:20:00,广告-96,00:02:30
20:27:30,广告-97,00:03:00
20:37:00,广告-98,00:03:00
20:45:00,广告-99,00:03:00
20:53:00,广告-100,00:03:00
21:05:00,广告-101,00:02:30
21:12:30,广告-102,00:02:30
21:20:00,广告-103,00:02:30
21:27:30,广告-104,00:03:00
21:37:00,广告-105,00:03:00
21:45:00,广告-106,00:03:00
21:53:00,广告-107,00:03:00
